Roll_no,Name,Total Fee,Paid Fee,Last Date,Payment Date
1,Charvi Sami,40000,2200,2025-09-02,2025-05-27
2,Divit Manda,50000,21026,2025-06-27,2024-12-13
3,Hridaan Khosla,50000,7522,2025-09-10,2025-02-20
4,Dhruv Hari,30000,7866,2025-05-10,2025-07-12
5,Jivin Kashyap,30000,5209,2025-05-19,2025-02-18
6,Tarini Chad,30000,27811,2025-03-15,2025-04-30
7,Siya Upadhyay,50000,44756,2025-02-07,2025-02-24
8,Kabir Mangal,30000,27942,2025-06-23,2025-09-25
9,Sara Gandhi,30000,12185,2025-05-18,2025-02-16
10,Tara Rout,40000,30022,2025-09-21,2025-04-19
11,Dhruv Rana,40000,11017,2025-01-21,2025-09-24
12,Purab Gokhale,40000,30321,2025-06-18,2025-06-11
13,Eshani Doctor,50000,30477,2025-06-28,2024-11-04
14,Aarna Sampath,40000,26447,2025-01-08,2025-01-10
15,Stuvan Bail,40000,14617,2025-04-24,2025-03-13
16,Nirvaan Kohli,30000,20341,2025-03-09,2025-03-16
17,Navya Atwal,30000,12293,2025-08-03,2025-08-17
18,Kabir Khanna,30000,15901,2025-03-03,2025-03-11
19,Stuvan Dhillon,40000,39223,2025-09-07,2025-07-27
20,Pranay Boase,30000,26786,2025-09-17,2025-06-06
21,Indrans Comar,30000,24903,2025-06-14,2025-07-21
22,Jayesh Golla,50000,42013,2025-04-19,2025-05-10
23,Aradhya Kar,30000,27439,2025-05-29,2024-12-31
24,Pihu Handa,30000,27567,2025-09-03,2025-08-03
25,Prisha Zacharia,50000,3504,2025-02-06,2024-12-04
26,Misha De,50000,40560,2025-03-03,2025-08-14
27,Tushar Ray,50000,10321,2025-04-05,2025-01-14
28,Biju Raju,30000,101,2025-06-30,2025-01-24
29,Lavanya Sarkar,50000,1326,2025-03-02,2025-08-04
30,Ojas Borah,30000,29970,2025-09-18,2025-06-23
31,Vardaniya Ganesan,50000,47840,2025-02-18,2025-04-12
32,Aaryahi Sha,40000,38438,2025-09-24,2024-11-16
33,Eshani Chakraborty,30000,20272,2025-01-25,2025-04-09
34,Tejas Varkey,50000,48098,2025-03-11,2025-05-15
35,Baiju Bahri,40000,21133,2025-03-08,2025-09-15
36,Kismat Batra,40000,14637,2025-07-03,2025-08-05
37,Aarna Wali,40000,5625,2025-01-07,2025-09-25
38,Kartik Keer,30000,23789,2025-01-24,2025-01-31
39,Suhana Chaudhari,50000,35431,2025-07-01,2024-10-03
40,Siya Vala,30000,19888,2025-09-17,2025-07-23
41,Kimaya Batra,40000,12066,2025-05-01,2025-02-25
42,Ayesha Barad,50000,4165,2025-06-30,2025-08-20
43,Nishith Thaman,40000,17720,2025-06-04,2024-12-07
44,Kaira Rajan,50000,45031,2025-09-20,2025-02-18
45,Divij Savant,50000,25134,2025-08-11,2025-02-06
46,Ishaan Tripathi,50000,8656,2025-08-27,2025-01-20
47,Tarini Bhalla,30000,28461,2025-04-21,2025-07-26
48,Shray Sankaran,50000,12483,2025-07-27,2025-01-18
49,Faiyaz Saini,30000,14551,2025-02-20,2025-04-17
50,Hridaan Hora,40000,31930,2025-02-12,2024-11-05
51,Ryan Chadha,40000,32944,2025-01-01,2025-08-24
52,Mahika Khosla,50000,8378,2025-07-20,2025-06-08
53,Raunak Kala,40000,30383,2025-04-28,2025-07-11
54,Anaya Yohannan,50000,29177,2025-03-28,2025-06-23
55,Sahil Handa,40000,38030,2025-06-26,2025-02-22
56,Drishya Jani,50000,24047,2025-08-04,2025-05-15
57,Miraya Bajaj,50000,8110,2025-04-04,2025-06-22
58,Miraya Chowdhury,50000,13050,2025-07-20,2025-03-13
59,Ehsaan Bahl,40000,28233,2025-07-09,2025-09-22
60,Armaan Khare,50000,34323,2025-07-16,2024-10-17
61,Veer Ratti,40000,28461,2025-04-07,2024-10-21
62,Kiara Ram,40000,2997,2025-06-22,2025-09-20
63,Ishaan Deep,40000,30637,2025-06-16,2024-10-14
64,Baiju Kapur,40000,9447,2025-02-26,2025-07-20
65,Romil Ram,30000,12327,2025-02-27,2025-03-07
66,Nitara Lanka,30000,23460,2025-09-27,2025-01-30
67,Kabir Balakrishnan,30000,16809,2025-08-04,2025-03-27
68,Parinaaz Gulati,30000,28396,2025-09-18,2025-04-09
69,Anvi Bandi,50000,24910,2025-03-31,2025-04-07
70,Mahika Sankaran,50000,24086,2025-03-06,2024-10-25
71,Nirvaan Dasgupta,50000,35418,2025-09-03,2025-06-03
72,Aaina Ganesan,30000,556,2025-02-04,2024-11-24
73,Sumer D’Alia,40000,837,2025-03-17,2025-03-25
74,Darshit Setty,50000,36284,2025-04-29,2024-10-18
75,Pihu Krish,50000,49674,2025-01-30,2025-03-24
76,Anya Lala,40000,17546,2025-06-04,2024-10-18
77,Suhana Wali,30000,23586,2025-03-30,2024-11-23
78,Prisha Gour,50000,18319,2025-06-30,2025-05-19
79,Zoya Dara,40000,6698,2025-01-20,2025-05-01
80,Zeeshan Mangal,30000,19826,2025-01-31,2025-08-02
81,Lakshay Gaba,30000,11217,2025-08-31,2024-10-24
82,Vardaniya Tara,30000,2921,2025-02-25,2025-02-02
83,Akarsh Bhat,30000,5372,2025-08-28,2025-04-28
84,Raunak Chanda,40000,15,2025-02-03,2024-10-25
85,Anaya Bala,40000,10785,2025-08-07,2024-11-07
86,Yashvi Sule,50000,37488,2025-09-20,2024-10-07
87,Dhanush Singhal,30000,11817,2025-02-11,2024-10-02
88,Dhanush Chander,40000,31629,2025-04-28,2025-08-24
89,Ahana  Babu,40000,1759,2025-01-31,2025-03-30
90,Myra Soman,30000,10867,2025-05-22,2024-11-09
91,Zara Vyas,50000,16029,2025-08-11,2025-08-01
92,Indrans Brar,50000,49883,2025-02-17,2024-10-02
93,Emir Kumer,30000,21508,2025-02-21,2024-09-28
94,Tushar Seshadri,40000,38517,2025-04-08,2024-12-06
95,Ivan Samra,40000,16334,2025-06-26,2025-01-02
96,Oorja Bhattacharyya,40000,14374,2025-01-13,2024-11-22
97,Neelofar Vohra,50000,28285,2025-09-01,2024-12-23
98,Vidur Tandon,50000,20061,2025-02-22,2025-03-15
99,Charvi Seth,40000,16291,2025-05-29,2025-05-07
100,Samar Bhasin,50000,10378,2025-07-14,2024-10-14
101,Elakshi Kaur,50000,21281,2025-01-23,2024-11-11
102,Saira Comar,50000,44990,2025-05-02,2025-02-17
103,Nitya Sunder,40000,33795,2025-03-22,2025-02-06
104,Ranbir Gaba,30000,9524,2025-06-01,2025-07-12
105,Himmat Wadhwa,40000,13166,2025-01-24,2025-08-19
106,Heer Dugar,30000,3997,2025-03-02,2025-05-11
107,Arnav Date,40000,31041,2025-05-02,2024-10-15
108,Hansh Sarkar,50000,26790,2025-08-09,2025-07-23
109,Biju Sarraf,50000,22928,2025-05-24,2025-04-30
110,Aarna Jha,40000,526,2025-06-26,2025-04-12
111,Fateh Varughese,30000,8140,2025-04-06,2024-12-07
112,Riya Mandal,30000,13691,2025-02-26,2024-10-01
113,Tushar Mangat,40000,9526,2025-03-03,2025-05-04
114,Mannat D’Alia,30000,17339,2025-03-09,2025-06-08
115,Kiara Mahajan,40000,27548,2025-08-06,2025-04-02
116,Eshani Bajaj,30000,13917,2025-09-22,2025-03-12
117,Ehsaan Das,50000,44851,2025-04-04,2025-03-19
118,Ishita Bassi,30000,19326,2025-03-09,2024-11-02
119,Oorja Vohra,50000,36670,2025-09-27,2025-05-12
120,Veer Kata,50000,7704,2025-05-27,2025-02-22
121,Ojas Raj,40000,6164,2025-07-15,2025-01-25
122,Gatik Doctor,30000,15782,2025-06-30,2024-12-07
123,Indrajit Ghosh,50000,18120,2025-02-25,2025-08-30
124,Mamooty Ganesan,40000,12336,2025-03-30,2025-08-17
125,Yuvraj  Bhatt,30000,5409,2025-09-18,2025-08-11
126,Aaina Dara,30000,16503,2025-02-03,2025-09-22
127,Raghav Dass,30000,13387,2025-08-16,2025-01-04
128,Nayantara Batta,50000,27795,2025-08-29,2024-10-07
129,Devansh Dewan,40000,3158,2025-03-27,2025-04-13
130,Samiha Swamy,30000,24085,2025-05-09,2025-06-18
131,Jayesh Goyal,50000,41159,2025-09-20,2025-06-28
132,Alisha Sura,50000,18523,2025-01-06,2025-06-12
133,Pihu Agarwal,40000,31972,2025-08-10,2024-10-04
134,Vivaan Borra,30000,15951,2025-01-19,2025-01-19
135,Rohan Ahluwalia,30000,24679,2025-03-02,2024-11-11
136,Hridaan Karan,30000,19307,2025-06-26,2025-05-13
137,Samiha Bawa,30000,24738,2025-08-24,2025-09-05
138,Tarini Srinivas,50000,31783,2025-03-29,2025-03-23
139,Kabir Vasa,30000,17576,2025-07-25,2025-05-28
140,Sahil Kunda,40000,12327,2025-02-05,2025-01-31
141,Kaira Vig,30000,11337,2025-08-24,2025-06-12
142,Kiara Verma,50000,28797,2025-05-04,2024-12-10
143,Yakshit Baral,30000,25338,2025-04-04,2025-05-06
144,Arnav Iyengar,30000,29322,2025-08-06,2024-11-12
145,Biju Dutt,30000,12246,2025-09-01,2025-05-10
146,Tara Walla,50000,6589,2025-02-25,2024-10-31
147,Sahil Aggarwal,30000,9744,2025-06-01,2025-04-11
148,Zaina Sarraf,30000,28759,2025-08-09,2025-07-22
149,Anahita Kala,40000,2309,2025-02-18,2025-04-24
150,Umang Barman,30000,20894,2025-03-02,2025-01-27
151,Vihaan Bahl,30000,19181,2025-07-26,2025-01-07
152,Riya Jain,40000,20132,2025-09-06,2024-12-22
153,Adah Varty,30000,12425,2025-08-10,2025-03-29
154,Nishith Keer,40000,39784,2025-07-19,2025-05-18
155,Veer Ratti,30000,10464,2025-06-27,2025-04-20
156,Vivaan Bhatia,30000,28871,2025-09-22,2024-11-15
157,Saira Talwar,40000,676,2025-06-13,2025-01-26
158,Emir Gopal,50000,33353,2025-01-22,2025-03-01
159,Fateh Dhingra,40000,19899,2025-03-26,2025-05-12
160,Rhea Sani,40000,37240,2025-03-19,2024-12-06
161,Vivaan Dora,40000,36829,2025-08-22,2024-12-19
162,Uthkarsh Keer,40000,11893,2025-01-22,2025-08-15
163,Anay Kale,30000,21537,2025-05-16,2025-02-19
164,Ahana  Gupta,50000,30405,2025-01-26,2025-07-25
165,Taran Korpal,30000,11740,2025-05-11,2025-02-09
166,Prerak Ganguly,30000,7212,2025-09-03,2025-01-24
167,Arnav Salvi,30000,17288,2025-06-05,2024-10-29
168,Aradhya Hans,40000,15369,2025-06-26,2025-02-19
169,Myra Ghosh,50000,22826,2025-02-23,2025-06-29
170,Tiya Upadhyay,30000,15555,2025-05-22,2025-05-31
171,Vivaan Yadav,40000,3635,2025-06-20,2025-05-23
172,Hazel Sanghvi,40000,6156,2025-04-09,2024-11-13
173,Oorja Chand,40000,27948,2025-05-17,2024-12-16
174,Saanvi Batta,30000,26075,2025-03-27,2024-12-17
175,Ishita Agate,30000,25843,2025-06-20,2025-09-11
176,Sahil Sangha,50000,10963,2025-08-19,2024-10-10
177,Vivaan Trivedi,50000,9805,2025-08-25,2025-09-19
178,Kanav Sarraf,50000,43876,2025-04-30,2025-05-19
179,Eva Choudhry,50000,16019,2025-02-15,2025-04-08
180,Anay Atwal,30000,29909,2025-06-02,2024-10-24
181,Hansh Tara,30000,6317,2025-06-22,2025-07-02
182,Dhruv Sandal,40000,16222,2025-01-22,2025-09-27
183,Purab Uppal,50000,47102,2025-08-31,2024-11-28
184,Ojas Choudhary,30000,15523,2025-06-16,2025-07-13
185,Aniruddh Singhal,30000,24515,2025-04-21,2025-02-15
186,Hansh Salvi,30000,20322,2025-04-07,2025-01-01
187,Vidur Walla,30000,10287,2025-08-28,2025-03-11
188,Zaina Dubey,50000,1239,2025-07-23,2025-05-12
189,Yasmin Date,50000,1096,2025-01-15,2025-01-28
190,Zoya Ranganathan,50000,30766,2025-02-13,2024-11-18
191,Baiju Agrawal,40000,29980,2025-07-10,2025-08-10
192,Anahita Kant,50000,14822,2025-06-10,2024-12-17
193,Lakshay Trivedi,30000,3367,2025-07-02,2025-06-05
194,Devansh Arya,50000,35996,2025-06-25,2025-03-24
195,Charvi Sachdev,30000,6096,2025-03-22,2025-06-08
196,Vanya Vala,50000,10370,2025-07-03,2025-02-11
197,Saksham Bose,40000,7450,2025-03-11,2025-05-31
198,Divyansh Lata,30000,22684,2025-03-18,2025-07-08
199,Anahi Mand,30000,3111,2025-08-09,2025-09-16
200,Anya Ganesh,50000,28043,2025-02-05,2024-11-26
201,Akarsh Sani,40000,20700,2025-07-26,2025-02-04
202,Ehsaan Deo,50000,1286,2025-06-12,2025-06-26
203,Yasmin Chahal,50000,7079,2025-06-29,2024-12-19
204,Taran Kumer,30000,23799,2025-01-27,2025-06-15
205,Ayesha Yadav,30000,7908,2025-02-14,2025-02-19
206,Vaibhav Gade,30000,9794,2025-06-03,2024-11-08
207,Aarav Ganguly,50000,25727,2025-01-17,2024-10-07
208,Sahil Tripathi,30000,17777,2025-03-21,2025-09-08
209,Krish Sarkar,50000,18212,2025-02-18,2025-02-26
210,Taimur Thakkar,50000,30405,2025-04-14,2025-04-06
211,Nirvi Sankaran,40000,34395,2025-08-12,2025-05-30
212,Vidur Sarraf,50000,19238,2025-02-13,2024-11-16
213,Renee Agarwal,50000,19022,2025-07-18,2025-04-23
214,Rhea Chander,40000,18184,2025-09-12,2025-04-12
215,Samar Anand,50000,47118,2025-09-08,2025-05-26
216,Anya Sahota,30000,7019,2025-06-13,2025-03-23
217,Vidur Dugar,30000,3330,2025-02-04,2025-08-15
218,Rati Bains,30000,13516,2025-04-16,2025-01-10
219,Ira Gola,40000,16744,2025-06-06,2025-02-28
220,Chirag Barad,30000,15484,2025-03-11,2025-08-02
221,Ela Kaur,50000,41146,2025-08-29,2024-11-25
222,Bhavin Swamy,50000,44806,2025-02-27,2025-03-21
223,Alia Banik,30000,5571,2025-05-09,2025-08-22
224,Pari Balakrishnan,30000,16724,2025-05-31,2024-11-26
225,Amira Arora,40000,26879,2025-03-27,2025-08-05
226,Bhavin Bose,30000,8517,2025-01-24,2025-01-17
227,Pihu Lata,40000,31670,2025-01-26,2025-04-01
228,Raghav Soman,30000,2853,2025-07-30,2024-11-15
229,Eshani Lall,40000,34081,2025-01-03,2025-03-24
230,Rati Bassi,50000,47878,2025-02-11,2025-04-14
231,Emir Sibal,40000,32155,2025-05-05,2025-07-26
232,Trisha Sane,30000,28097,2025-08-20,2024-10-26
233,Lavanya Edwin,40000,36224,2025-02-04,2025-07-24
234,Kiaan Hayre,50000,32391,2025-09-03,2024-12-18
235,Mishti Mand,40000,14273,2025-07-11,2025-09-22
236,Advik Sanghvi,40000,30647,2025-06-20,2024-12-23
237,Nayantara Subramanian,40000,8714,2025-03-30,2025-03-07
238,Aarush Sahota,50000,24945,2025-03-18,2025-06-16
239,Rania Dar,30000,1846,2025-05-19,2024-10-04
240,Uthkarsh Mandal,50000,11404,2025-08-02,2025-02-23
241,Ela Tata,50000,10240,2025-06-22,2025-01-01
242,Arnav Sankaran,30000,25243,2025-03-16,2025-01-27
243,Vivaan Aggarwal,30000,21514,2025-03-01,2025-04-08
244,Chirag Saxena,50000,38744,2025-09-02,2025-05-01
245,Shanaya Korpal,40000,9539,2025-03-19,2025-05-17
246,Siya Grewal,40000,19416,2025-02-05,2024-12-13
247,Reyansh Chawla,50000,8102,2025-02-03,2025-04-18
248,Hrishita Deshmukh,40000,17496,2025-09-07,2025-05-24
249,Riya Bhatia,50000,21644,2025-01-31,2025-01-19
250,Armaan Agrawal,50000,21111,2025-06-21,2024-11-08
251,Eva Master,50000,14240,2025-02-11,2025-07-06
252,Rania Loyal,40000,14861,2025-05-16,2025-05-20
253,Gatik Vala,30000,17802,2025-07-27,2024-12-09
254,Mishti Zacharia,40000,11768,2025-08-24,2024-10-09
255,Emir Sachar,50000,11362,2025-06-24,2025-02-06
256,Inaaya  Bhavsar,30000,2290,2025-05-23,2024-12-27
257,Divyansh Kaul,30000,10475,2025-04-14,2025-02-13
258,Shanaya Seshadri,30000,27920,2025-05-19,2025-03-23
259,Aarav Sengupta,30000,14195,2025-07-21,2024-11-21
260,Dhanuk Behl,30000,17054,2025-08-13,2025-07-28
261,Ivan Grewal,50000,7463,2025-09-02,2024-12-27
262,Samiha Kapoor,40000,34571,2025-08-31,2025-09-04
263,Kabir Ghose,30000,4730,2025-09-10,2025-07-09
264,Renee Vasa,30000,23945,2025-04-30,2024-11-08
265,Hunar Bal,50000,10649,2025-05-31,2025-04-22
266,Tejas Kale,50000,19793,2025-07-01,2025-02-09
267,Aradhya Agarwal,30000,16517,2025-01-07,2025-01-19
268,Baiju Arya,40000,6181,2025-08-23,2024-12-29
269,Nishith Soni,40000,33610,2025-02-15,2025-08-07
270,Taimur Keer,40000,10730,2025-07-10,2025-01-19
271,Nitya Anne,50000,37229,2025-04-15,2025-02-19
272,Saanvi Wable,30000,11684,2025-05-12,2025-06-11
273,Abram Kurian,50000,9768,2025-02-28,2025-05-15
274,Rohan Sangha,30000,15872,2025-03-10,2025-01-18
275,Saksham Sarna,30000,13394,2025-04-11,2025-03-14
276,Jayant Keer,30000,26399,2025-05-24,2025-05-27
277,Tiya Chopra,40000,18993,2025-05-30,2025-08-12
278,Adah Kar,50000,47563,2025-07-10,2024-11-23
279,Misha Gupta,30000,315,2025-07-15,2025-01-05
280,Divij Choudhry,40000,20570,2025-09-13,2025-08-25
281,Jayesh Goswami,40000,34211,2025-02-02,2024-12-01
282,Kartik Mandal,40000,13628,2025-02-19,2024-10-26
283,Lakshay Deshpande,40000,35205,2025-07-30,2025-09-24
284,Vidur Babu,30000,18276,2025-06-03,2025-04-06
285,Seher Badal,40000,32824,2025-07-12,2024-12-03
286,Piya Virk,40000,13701,2025-08-08,2025-07-17
287,Amira Batta,50000,47596,2025-06-07,2025-03-19
288,Vidur Mangal,50000,42238,2025-08-16,2025-06-30
289,Mehul Grover,40000,26613,2025-06-20,2024-11-02
290,Aarush Sridhar,30000,20557,2025-01-22,2025-06-29
291,Ishita Biswas,40000,19659,2025-03-26,2024-11-23
292,Ishaan Bhandari,30000,3195,2025-04-25,2025-08-26
293,Nehmat Bakshi,40000,37734,2025-09-11,2025-02-04
294,Pihu Hayre,50000,7656,2025-04-19,2025-01-10
295,Akarsh Ranganathan,30000,15462,2025-07-09,2025-05-01
296,Ayesha Chhabra,30000,23546,2025-06-16,2025-07-18
297,Purab Cheema,50000,12306,2025-09-16,2024-10-26
298,Vedika Tandon,40000,4541,2025-04-26,2025-03-25
299,Aaryahi Chokshi,30000,28088,2025-07-02,2025-04-12
300,Saira Raju,50000,13456,2025-09-17,2024-11-26
301,Alisha Kant,50000,10691,2025-07-03,2025-08-31
302,Inaaya  Chadha,40000,15248,2025-08-20,2024-12-15
303,Nehmat Kulkarni,40000,30026,2025-04-28,2024-10-21
304,Samarth Bora,30000,9683,2025-02-04,2025-06-23
305,Vritika Sem,50000,42485,2025-04-12,2025-06-29
306,Nitara Salvi,30000,5980,2025-02-14,2025-03-14
307,Anika Dar,50000,28349,2025-02-14,2024-11-01
308,Darshit Sama,40000,6380,2025-05-18,2024-12-10
309,Aarna Mani,30000,18972,2025-05-16,2025-02-18
310,Suhana Rajan,40000,876,2025-02-09,2025-02-08
311,Vidur Subramaniam,40000,17026,2025-07-21,2025-06-17
312,Abram Manda,50000,6273,2025-03-16,2025-04-30
313,Ritvik Hari,50000,27572,2025-08-02,2025-04-24
314,Anahita Mand,30000,14735,2025-08-18,2024-10-31
315,Mehul Bala,40000,4368,2025-05-28,2025-09-28
316,Vihaan Savant,40000,4765,2025-08-14,2025-03-03
317,Tanya Sarna,50000,1068,2025-02-05,2025-09-08
318,Shamik Toor,40000,24537,2025-06-28,2025-04-06
319,Samarth Sarraf,30000,4117,2025-08-11,2025-06-11
320,Shray Contractor,50000,8361,2025-09-08,2024-10-22
321,Miraan Gill,30000,21066,2025-02-04,2025-09-03
322,Lakshay Handa,50000,14690,2025-03-24,2025-06-05
323,Dhanush Manda,30000,20257,2025-04-24,2025-04-27
324,Yashvi Das,50000,1655,2025-01-08,2025-05-09
325,Vaibhav Jaggi,30000,211,2025-05-29,2025-04-18
326,Uthkarsh Bhardwaj,50000,29167,2025-06-29,2024-10-28
327,Tara Kaur,50000,3240,2025-09-03,2025-06-20
328,Manikya Master,50000,31516,2025-06-29,2025-01-24
329,Armaan Salvi,30000,26106,2025-06-13,2025-07-15
330,Chirag Hari,50000,11240,2025-03-31,2025-03-09
331,Yuvraj  Ravi,40000,2294,2025-08-26,2025-03-29
332,Akarsh Kalita,40000,32949,2025-02-05,2025-06-13
333,Krish Dutta,30000,10274,2025-01-27,2024-12-28
334,Myra Wable,50000,20465,2025-08-03,2025-09-06
335,Shalv Golla,50000,6223,2025-05-12,2025-08-14
336,Advika Shenoy,30000,6230,2025-02-16,2025-03-23
337,Sara Mangal,50000,17656,2025-08-05,2025-03-21
338,Himmat Thaman,30000,1104,2025-05-01,2025-01-06
339,Nakul Warrior,30000,22471,2025-01-14,2025-05-05
340,Kabir Sharaf,50000,8670,2025-05-16,2025-04-29
341,Badal Dhingra,50000,4922,2025-03-06,2024-11-27
342,Prerak Ahluwalia,40000,29443,2025-02-06,2025-05-25
343,Ishita Dayal,30000,9461,2025-05-27,2025-09-06
344,Kashvi Guha,40000,32568,2025-06-30,2025-07-12
345,Mannat Kaur,50000,26876,2025-02-06,2025-04-16
346,Anahita Kakar,50000,8020,2025-01-09,2025-07-22
347,Purab Deo,50000,38586,2025-06-12,2025-01-23
348,Miraya Dora,50000,20159,2025-03-05,2024-10-05
349,Ojas Bawa,30000,22947,2025-09-04,2025-06-03
350,Shalv Chakrabarti,40000,15141,2025-08-23,2025-05-12
351,Miraya Reddy,50000,46207,2025-06-25,2025-07-16
352,Chirag Kapur,40000,5214,2025-03-28,2025-08-02
353,Miraan Mandal,50000,29997,2025-09-04,2024-11-01
354,Prerak Garde,30000,21985,2025-09-11,2025-09-18
355,Tarini Bansal,50000,1030,2025-06-27,2025-05-02
356,Amani Dhingra,50000,29579,2025-05-16,2025-08-08
357,Riya Raja,30000,17216,2025-02-27,2025-04-19
358,Nishith Edwin,50000,7816,2025-03-16,2025-03-06
359,Pihu Andra,30000,5005,2025-09-10,2025-06-11
360,Myra Tailor,40000,35027,2025-01-10,2025-07-09
361,Sana Mahal,50000,45,2025-05-27,2025-01-06
362,Vedika Sant,50000,15867,2025-04-09,2025-06-24
363,Azad Savant,30000,52,2025-03-29,2024-10-11
364,Rhea Kant,40000,12572,2025-07-10,2024-12-09
365,Yuvraj  Ravel,50000,12882,2025-03-27,2025-09-14
366,Sara Kakar,40000,32113,2025-02-13,2025-04-22
367,Eva Issac,50000,5093,2025-05-06,2025-01-20
368,Lakshit Sachar,50000,18161,2025-07-23,2025-05-13
369,Shlok Mammen,40000,24651,2025-06-14,2025-04-12
370,Aniruddh Kurian,40000,13519,2025-05-20,2024-12-27
371,Kiara Baral,40000,18880,2025-01-01,2025-06-29
372,Kabir Ramanathan,30000,12300,2025-02-01,2025-06-07
373,Indrans Agarwal,40000,15673,2025-07-11,2025-07-09
374,Dhruv Kade,40000,33022,2025-09-07,2024-11-24
375,Kartik Aurora,50000,41024,2025-06-09,2025-01-27
376,Stuvan Chauhan,40000,10328,2025-05-28,2025-02-28
377,Keya Tiwari,50000,41290,2025-01-21,2025-05-15
378,Nishith Chaudry,40000,8765,2025-09-12,2025-02-09
379,Ehsaan Mangal,50000,16217,2025-03-02,2024-10-23
380,Kismat Ganesan,30000,7569,2025-06-08,2025-06-30
381,Ishaan Korpal,30000,11009,2025-04-10,2025-09-06
382,Siya Mangal,40000,8691,2025-09-13,2025-04-07
383,Abram Wagle,30000,21679,2025-09-23,2025-06-13
384,Prisha Saini,30000,12373,2025-03-25,2025-06-03
385,Krish Bhagat,30000,5254,2025-08-29,2025-07-24
386,Krish Gill,40000,14308,2025-06-10,2025-07-20
387,Zoya Butala,50000,40832,2025-05-02,2025-03-19
388,Yasmin Madan,50000,20619,2025-02-28,2025-04-21
389,Nayantara Bal,40000,12310,2025-05-21,2025-04-07
390,Zaina Bedi,40000,14974,2025-08-19,2025-05-04
391,Arhaan Tank,40000,23678,2025-01-26,2025-09-19
392,Heer Deshpande,50000,35,2025-02-08,2025-01-19
393,Zoya Soni,30000,22915,2025-03-22,2025-06-10
394,Ishaan Balasubramanian,40000,37704,2025-05-19,2024-12-06
395,Prerak Maharaj,50000,3370,2025-06-14,2025-04-03
396,Khushi Madan,30000,2902,2025-02-02,2025-05-18
397,Ivana Basu,50000,20797,2025-06-06,2025-06-27
398,Darshit Warrior,30000,24039,2025-08-07,2025-01-08
399,Charvi Bose,30000,14231,2025-07-12,2024-12-14
400,Samaira Suri,50000,22905,2025-05-06,2025-08-24
401,Emir Hegde,30000,10186,2025-06-27,2025-03-14
402,Indranil Iyer,40000,24749,2025-08-11,2024-11-11
403,Aaryahi Kurian,40000,29392,2025-05-22,2025-07-01
404,Kiara Deo,40000,14371,2025-01-19,2024-11-03
405,Divij Dhawan,30000,7634,2025-04-18,2024-11-07
406,Shanaya Dutt,50000,126,2025-02-23,2024-11-20
407,Rati Chakraborty,40000,9219,2025-09-04,2025-04-23
408,Pranay Thakur,50000,9413,2025-05-14,2025-03-18
409,Divyansh Wali,30000,9294,2025-04-12,2025-01-10
410,Ela Sen,30000,6398,2025-08-01,2024-12-20
411,Shanaya Bala,30000,20086,2025-03-11,2025-01-30
412,Akarsh Chadha,40000,14810,2025-06-18,2025-02-28
413,Saira Sandal,40000,17686,2025-09-08,2024-12-05
414,Trisha Chahal,50000,34739,2025-04-18,2025-05-30
415,Siya Subramaniam,40000,32176,2025-05-04,2025-06-22
416,Alia Subramanian,40000,9468,2025-08-17,2025-05-28
417,Mahika Thakkar,30000,25027,2025-04-08,2025-01-02
418,Ishita Contractor,50000,15900,2025-06-05,2025-06-07
419,Purab Baria,50000,30360,2025-08-20,2025-08-23
420,Miraan Dua,50000,819,2025-07-20,2025-02-12
421,Fateh Dara,30000,3291,2025-03-11,2025-03-15
422,Saanvi Venkataraman,40000,29911,2025-08-15,2024-10-19
423,Mishti Ramanathan,50000,11196,2025-03-10,2025-02-22
424,Neysa Bandi,40000,28011,2025-07-07,2025-03-28
425,Farhan Shroff,40000,18745,2025-09-07,2025-02-23
426,Yuvraj  Garg,40000,22669,2025-01-04,2025-04-29
427,Yasmin Lad,30000,15362,2025-01-01,2025-05-24
428,Hunar Keer,30000,8899,2025-02-14,2025-07-30
429,Ojas Tiwari,50000,2769,2025-09-04,2025-08-24
430,Gokul Thaker,50000,42578,2025-02-16,2025-09-05
431,Aarav Kakar,50000,12028,2025-02-26,2025-06-17
432,Zain Ramakrishnan,50000,11218,2025-06-09,2025-08-27
433,Shlok Gill,40000,8802,2025-01-03,2025-08-10
434,Samar Buch,40000,16065,2025-07-03,2025-05-25
435,Heer Badami,40000,8600,2025-05-15,2025-03-17
436,Divit Baria,30000,19194,2025-01-22,2025-01-13
437,Lavanya Balay,40000,8139,2025-05-31,2025-04-19
438,Vidur Kant,30000,24171,2025-01-14,2025-09-10
439,Sahil Sahota,50000,44554,2025-02-15,2025-07-24
440,Shlok Bajaj,50000,31740,2025-08-03,2025-05-09
441,Pari De,40000,37728,2025-08-04,2025-05-18
442,Myra Ratta,50000,14783,2025-02-12,2025-01-11
443,Charvi Kulkarni,50000,22496,2025-08-19,2024-10-08
444,Ahana  Sehgal,30000,16140,2025-01-30,2025-04-17
445,Darshit Bobal,30000,24929,2025-07-28,2025-05-30
446,Advika Goyal,30000,6239,2025-05-30,2024-10-06
447,Tara Khurana,50000,27894,2025-03-19,2025-06-28
448,Manikya Datta,40000,28115,2025-06-25,2025-03-25
449,Ela Sem,40000,13873,2025-09-19,2025-09-23
450,Heer Chopra,40000,4409,2025-01-06,2025-03-05
451,Tarini Mammen,30000,1536,2025-05-03,2024-12-01
452,Vritika Vasa,40000,7072,2025-01-11,2025-01-23
453,Vanya Shan,40000,5001,2025-01-30,2024-09-28
454,Tushar Tandon,30000,17745,2025-06-27,2025-01-22
455,Kashvi Kurian,30000,21483,2025-08-30,2025-02-19
456,Romil Dey,30000,12355,2025-06-04,2025-03-18
457,Rania Tandon,30000,26753,2025-05-17,2025-05-28
458,Neelofar Singh,50000,37223,2025-03-12,2025-01-14
459,Oorja Lad,30000,6909,2025-09-20,2025-02-27
460,Diya Ray,40000,29095,2025-06-18,2025-04-08
461,Tiya Khare,50000,8669,2025-06-13,2024-10-01
462,Ela Kurian,50000,43539,2025-08-03,2024-12-17
463,Jiya Majumdar,50000,2255,2025-08-12,2025-04-09
464,Jivika Sachdeva,40000,12140,2025-07-30,2025-04-02
465,Divit Bhagat,50000,35602,2025-03-28,2025-04-17
466,Gokul Verma,40000,3284,2025-07-29,2025-08-01
467,Adira Brahmbhatt,30000,28230,2025-07-22,2025-06-12
468,Anay Sandal,50000,45585,2025-03-21,2025-07-01
469,Aayush Gokhale,40000,27129,2025-02-04,2025-09-18
470,Saira Ram,30000,24312,2025-01-14,2025-07-04
471,Jivika Halder,30000,24807,2025-01-15,2025-05-24
472,Purab Deo,30000,1210,2025-07-06,2024-12-23
473,Amani Devi,40000,32842,2025-07-15,2025-03-26
474,Tarini Goyal,40000,18443,2025-04-30,2025-04-06
475,Piya Ravi,50000,16126,2025-03-25,2025-07-20
476,Ritvik Comar,50000,31399,2025-06-15,2024-12-15
477,Rasha Dugar,50000,48084,2025-09-06,2025-03-20
478,Indrajit Sathe,50000,43612,2025-03-15,2025-09-10
479,Ishaan Dass,50000,23129,2025-03-24,2024-10-19
480,Kabir Ramaswamy,40000,12171,2025-01-28,2025-02-15
481,Madhup Kibe,30000,5237,2025-02-19,2025-02-12
482,Divyansh Koshy,50000,16823,2025-06-03,2025-02-14
483,Tushar Mangal,30000,21221,2025-03-16,2025-01-13
484,Arnav Dave,40000,10797,2025-06-12,2025-09-15
485,Nitara Arora,40000,22427,2025-04-30,2024-12-01
486,Nitara Garg,30000,8560,2025-03-08,2025-09-22
487,Onkar Bhavsar,30000,15390,2025-09-05,2025-04-26
488,Anya Edwin,40000,22630,2025-07-12,2025-08-24
489,Hansh Dayal,40000,17203,2025-05-05,2025-07-01
490,Amani Mand,30000,19539,2025-05-12,2025-01-27
491,Kavya Ramakrishnan,30000,4516,2025-03-09,2025-05-09
492,Jivin Anne,40000,16967,2025-04-04,2025-08-27
493,Sana Kala,50000,45033,2025-01-24,2025-09-19
494,Manjari Din,50000,44427,2025-04-09,2025-05-02
495,Hiran Mangat,50000,4174,2025-07-07,2024-12-08
496,Samar Tripathi,50000,8885,2025-07-18,2025-03-21
497,Madhav Majumdar,30000,9091,2025-01-18,2025-02-14
498,Aayush Chana,50000,39379,2025-07-06,2025-08-04
499,Mahika Tak,50000,46854,2025-01-26,2024-12-17
500,Zaina Andra,40000,29283,2025-03-04,2025-07-15
501,Advika Chaudhuri,50000,47365,2025-05-06,2025-05-06
502,Neysa Saha,50000,10164,2025-01-07,2025-05-08
503,Vanya Shroff,30000,10859,2025-07-15,2025-05-09
504,Samiha Jain,40000,13743,2025-09-24,2024-11-14
505,Adira Shan,50000,13472,2025-07-07,2025-01-01
506,Nishith Sodhi,50000,39756,2025-04-06,2025-04-26
507,Alisha Hayre,50000,6800,2025-02-03,2025-09-07
508,Sara Jayaraman,40000,25146,2025-03-04,2024-11-29
509,Khushi Shukla,30000,22532,2025-03-22,2025-05-14
510,Faiyaz Lal,50000,6492,2025-05-10,2024-10-03
511,Aniruddh Garde,40000,8227,2025-07-03,2025-04-09
512,Adah Bhat,40000,33920,2025-06-15,2025-08-03
513,Anvi Chokshi,50000,28227,2025-05-29,2024-10-23
514,Ehsaan Goswami,30000,27279,2025-04-05,2025-02-01
515,Farhan Bhatia,50000,9807,2025-02-01,2025-03-19
516,Divit Kadakia,30000,13723,2025-07-25,2024-11-19
517,Anvi Gole,50000,34287,2025-02-14,2024-12-24
518,Kartik Deol,30000,27791,2025-06-08,2024-12-03
519,Nakul Babu,40000,16679,2025-09-13,2025-05-29
520,Vanya Kuruvilla,50000,14931,2025-06-03,2025-03-26
521,Kabir Bhatia,40000,5733,2025-02-04,2025-08-30
522,Arnav Rama,30000,2833,2025-05-06,2025-02-04
523,Anya Manda,40000,12882,2025-01-30,2025-01-08
524,Parinaaz Doctor,30000,21947,2025-05-15,2024-12-04
525,Rohan Chaudhari,40000,16220,2025-01-30,2024-10-07
526,Rhea Sarna,40000,13642,2025-07-28,2024-10-20
527,Yasmin Sibal,50000,49726,2025-05-05,2024-12-10
528,Inaaya  Sachdeva,30000,6835,2025-03-20,2024-12-12
529,Mohanlal Wagle,40000,8633,2025-01-12,2025-01-20
530,Himmat Choudhry,40000,17308,2025-07-20,2025-09-22
531,Nehmat Dyal,30000,27896,2025-03-20,2025-02-11
532,Farhan Chaudhuri,40000,33468,2025-06-03,2025-02-25
533,Anay Chaudry,50000,46770,2025-07-17,2025-09-09
534,Charvi Shukla,40000,1013,2025-08-12,2024-12-05
535,Vritika Bala,50000,22035,2025-05-15,2025-08-01
536,Pranay Mallick,30000,10532,2025-08-13,2025-05-14
537,Anay Thaker,40000,13898,2025-04-15,2025-05-03
538,Ivana Zachariah,30000,19688,2025-08-25,2025-08-20
539,Charvi Iyengar,30000,23105,2025-06-19,2025-05-18
540,Kiaan Jaggi,40000,27315,2025-07-23,2024-09-28
541,Siya Kulkarni,50000,40120,2025-03-26,2025-02-05
542,Jiya Sastry,30000,29168,2025-08-14,2025-05-22
543,Inaaya  Grover,50000,38505,2025-03-05,2025-06-30
544,Dhanuk Magar,50000,7715,2025-06-28,2025-04-02
545,Tara Bhardwaj,50000,43166,2025-01-15,2025-06-19
546,Jiya Bal,40000,11518,2025-09-04,2024-10-14
547,Hunar Kaul,40000,33,2025-03-13,2024-10-18
548,Dharmajan Ratta,30000,22500,2025-02-06,2024-12-06
549,Shray Solanki,40000,39572,2025-03-17,2025-01-27
550,Lakshay Wagle,30000,3632,2025-06-13,2025-04-17
551,Damini Sarkar,40000,3232,2025-03-09,2025-07-25
552,Kabir Garg,40000,13113,2025-05-06,2024-12-20
553,Badal Upadhyay,50000,3804,2025-07-19,2025-09-04
554,Emir Keer,30000,13655,2025-01-16,2025-09-19
555,Priyansh Raj,40000,22885,2025-06-05,2025-01-23
556,Siya Aurora,40000,38219,2025-08-01,2025-01-03
557,Vritika Kapur,40000,21861,2025-08-05,2024-10-02
558,Chirag Sarraf,30000,25128,2025-08-10,2025-02-03
559,Veer Kulkarni,40000,7290,2025-08-03,2025-03-23
560,Akarsh Ganesan,40000,36741,2025-05-26,2025-05-14
561,Zaina Edwin,40000,10777,2025-06-06,2024-12-22
562,Shanaya Krishnan,50000,37187,2025-09-24,2025-07-17
563,Kimaya Loke,30000,5623,2025-07-22,2025-02-18
564,Bhamini Manda,40000,3998,2025-01-01,2025-05-16
565,Indranil Ramachandran,50000,31926,2025-08-02,2025-06-01
566,Fateh Keer,30000,3211,2025-05-31,2025-02-28
567,Elakshi Devan,50000,48556,2025-02-10,2025-08-18
568,Aayush Jani,30000,7568,2025-07-25,2024-10-23
569,Trisha Tak,50000,21301,2025-05-16,2025-02-09
570,Nirvi Ganguly,40000,16380,2025-07-02,2025-03-27
571,Sumer Desai,50000,46371,2025-07-25,2025-03-16
572,Nakul Tella,30000,20124,2025-03-29,2025-07-02
573,Saira Chadha,50000,24813,2025-01-12,2025-03-26
574,Nitara Rao,50000,35295,2025-07-02,2025-06-16
575,Ivan Tara,40000,969,2025-03-12,2025-02-28
576,Aarush Bobal,50000,6926,2025-07-28,2025-09-15
577,Parinaaz Hayer,40000,2067,2025-09-10,2025-03-15
578,Rania Chaudhry,50000,11372,2025-06-07,2025-04-19
579,Bhamini Biswas,30000,7480,2025-09-19,2025-01-27
580,Ritvik Kota,30000,8747,2025-06-12,2025-09-26
581,Mannat Mammen,40000,30206,2025-04-18,2025-09-04
582,Pari Vasa,40000,4431,2025-09-27,2025-06-22
583,Kanav Manne,30000,9213,2025-01-16,2025-01-29
584,Raunak Sachdev,50000,545,2025-03-06,2024-10-13
585,Jhanvi Seshadri,50000,21178,2025-05-02,2025-08-25
586,Myra Balan,40000,4566,2025-02-21,2025-09-17
587,Samarth Bora,50000,31382,2025-01-05,2025-03-21
588,Kavya Varghese,30000,10130,2025-04-24,2024-12-20
589,Hiran Dutt,40000,3613,2025-05-27,2025-09-28
590,Kaira Lala,30000,485,2025-09-07,2025-06-08
591,Armaan Sastry,40000,3271,2025-01-10,2025-04-29
592,Vardaniya Kannan,40000,29814,2025-04-28,2025-06-25
593,Devansh Seshadri,30000,28268,2025-06-21,2024-10-04
594,Mannat Grewal,50000,21549,2025-09-21,2025-01-15
595,Purab Suresh,50000,38228,2025-07-30,2025-01-28
596,Mannat Sanghvi,30000,28099,2025-03-15,2024-12-17
597,Shaan Arora,50000,2963,2025-08-14,2024-12-14
598,Tejas Konda,50000,24935,2025-02-11,2025-06-15
599,Tiya Sengupta,30000,7375,2025-09-11,2025-06-21
600,Tejas Shah,50000,18790,2025-06-28,2025-07-09
601,Myra Suri,40000,15491,2025-08-01,2025-01-31
602,Adira Bawa,30000,21750,2025-04-10,2025-05-01
603,Nirvi Sawhney,40000,20294,2025-02-15,2025-03-28
604,Anaya Dubey,40000,14684,2025-09-17,2025-04-24
605,Siya Kata,50000,8826,2025-04-16,2025-06-02
606,Yakshit Sani,30000,1826,2025-03-17,2025-04-15
607,Rati Bir,50000,33424,2025-09-11,2024-11-20
608,Farhan Taneja,30000,20333,2025-09-21,2025-09-03
609,Umang Dugar,30000,20650,2025-08-16,2025-07-23
610,Piya Tailor,40000,27973,2025-09-04,2025-01-13
611,Samaira Madan,40000,21741,2025-07-25,2025-08-22
612,Tejas Bajwa,40000,31679,2025-01-02,2025-05-06
613,Vivaan Sengupta,30000,28297,2025-07-01,2025-04-06
614,Eshani Sachdeva,50000,7313,2025-02-07,2025-01-06
615,Jayan Tiwari,40000,13470,2025-07-13,2025-09-07
616,Abram Sarraf,30000,20287,2025-02-24,2025-04-02
617,Tara Garg,30000,24625,2025-01-24,2024-10-10
618,Khushi Rama,30000,19394,2025-08-26,2025-03-01
619,Dhanuk Kar,50000,1311,2025-09-04,2025-07-28
620,Aaina Sandhu,40000,38165,2025-03-23,2025-08-07
621,Eva Bhargava,50000,27270,2025-01-04,2025-03-17
622,Dishani Kuruvilla,30000,29886,2025-02-13,2024-10-27
623,Prerak Buch,30000,13913,2025-09-05,2025-04-17
624,Rati Mani,40000,17609,2025-05-25,2025-06-27
625,Elakshi Konda,50000,29034,2025-08-14,2025-07-25
626,Nishith Chakraborty,30000,5808,2025-01-29,2024-12-17
627,Urvi Gulati,50000,31498,2025-02-18,2025-01-21
628,Arnav Bal,30000,10051,2025-03-08,2024-11-15
629,Krish Chokshi,40000,31260,2025-03-11,2024-12-23
630,Tanya Sibal,40000,16757,2025-04-05,2024-11-17
631,Yuvaan Kara,50000,37879,2025-07-30,2024-11-20
632,Gokul Dayal,30000,14169,2025-08-31,2025-03-01
633,Jayant Varghese,40000,3716,2025-02-24,2025-03-25
634,Tiya Sehgal,40000,23828,2025-07-20,2025-07-12
635,Yasmin Bahri,50000,36242,2025-08-23,2025-09-11
636,Kavya Dugar,50000,669,2025-02-01,2025-06-03
637,Aradhya Mall,50000,35673,2025-03-27,2024-11-03
638,Ishaan Chandran,30000,5351,2025-04-25,2025-08-26
639,Rohan Kar,50000,34493,2025-02-26,2024-12-25
640,Urvi Kar,50000,4063,2025-06-02,2024-12-11
641,Jivin Magar,50000,35360,2025-05-30,2024-10-21
642,Miraya De,50000,729,2025-06-28,2024-11-17
643,Alia Rajagopalan,50000,39288,2025-03-01,2025-03-15
644,Yuvaan Ranganathan,30000,5859,2025-05-03,2025-02-26
645,Krish Koshy,50000,32956,2025-05-07,2025-07-12
646,Amira Sha,30000,23099,2025-09-13,2025-04-26
647,Mohanlal Mane,30000,25427,2025-04-11,2025-03-30
648,Nirvi Wali,40000,23938,2025-02-24,2025-09-28
649,Damini Rajagopalan,40000,17914,2025-07-17,2025-09-21
650,Aniruddh Sundaram,30000,25793,2025-09-14,2024-11-02
651,Taimur Saran,40000,955,2025-09-16,2024-12-30
652,Hrishita Baral,50000,2334,2025-06-29,2025-05-06
653,Vedika Bath,30000,11337,2025-02-20,2025-05-11
654,Kismat Sahni,50000,17424,2025-07-27,2025-04-07
655,Shalv Desai,30000,24655,2025-05-09,2025-07-15
656,Kavya Gulati,50000,39778,2025-07-01,2024-10-11
657,Emir Atwal,40000,5887,2025-09-20,2025-01-10
658,Romil Kala,30000,25770,2025-06-22,2025-06-16
659,Lakshit Sahota,40000,1881,2025-06-16,2025-01-19
660,Elakshi Bajaj,30000,14074,2025-04-24,2025-07-10
661,Raunak Sandhu,50000,17674,2025-02-28,2025-07-10
662,Onkar Batra,30000,20882,2025-05-18,2025-03-11
663,Trisha Babu,50000,23100,2025-08-19,2025-04-12
664,Indrajit Sani,50000,792,2025-03-19,2025-08-10
665,Vaibhav Chada,50000,448,2025-08-14,2025-04-28
666,Arhaan Kapoor,50000,24709,2025-09-28,2025-07-18
667,Seher Wable,50000,35453,2025-04-19,2025-09-02
668,Anya Bhatt,40000,22512,2025-08-03,2025-03-07
669,Anvi Sankaran,30000,13218,2025-06-26,2025-07-28
670,Yakshit Dar,40000,13443,2025-06-19,2025-06-17
671,Mohanlal Samra,50000,13027,2025-08-16,2025-02-19
672,Romil Bhatti,40000,9281,2025-05-06,2025-06-29
673,Uthkarsh Sathe,50000,44387,2025-04-06,2025-05-06
674,Adah Andra,30000,4561,2025-04-13,2025-02-06
675,Biju Choudhury,30000,10615,2025-03-21,2025-03-13
676,Kanav Date,40000,33304,2025-03-07,2025-01-13
677,Darshit Dara,40000,2615,2025-09-19,2024-10-04
678,Hiran Bhat,50000,47853,2025-06-09,2024-12-30
679,Madhup Shankar,30000,6485,2025-07-02,2025-04-04
680,Rhea Raman,40000,27808,2025-08-28,2024-10-09
681,Farhan Mane,40000,24335,2025-01-28,2025-01-08
682,Bhamini Sha,50000,4372,2025-01-24,2025-05-23
683,Seher Jayaraman,30000,21673,2025-08-07,2025-04-03
684,Aarav Sridhar,30000,4215,2025-04-29,2024-11-17
685,Kismat Sunder,40000,22822,2025-09-12,2024-12-07
686,Yashvi Dey,50000,18532,2025-01-08,2025-02-07
687,Shayak Sarna,50000,5966,2025-01-14,2025-07-16
688,Himmat Dhar,30000,15844,2025-09-08,2024-11-13
689,Yasmin Bumb,30000,16600,2025-07-31,2025-03-01
690,Vedika Kakar,50000,3863,2025-08-10,2025-01-20
691,Aarush Bhavsar,40000,10376,2025-06-26,2025-07-21
692,Miraya Chawla,30000,27370,2025-02-15,2024-12-22
693,Himmat Das,30000,12656,2025-02-13,2025-07-15
694,Vardaniya Virk,50000,28314,2025-09-03,2025-04-17
695,Hrishita Golla,30000,27209,2025-03-11,2025-08-28
696,Saanvi Tripathi,40000,13779,2025-01-22,2024-10-30
697,Kabir Dora,30000,11081,2025-05-15,2025-03-22
698,Rania Gill,50000,16600,2025-01-20,2025-03-19
699,Nirvi Bawa,30000,29711,2025-05-26,2025-04-02
700,Vanya Kota,40000,28303,2025-08-08,2025-07-29
701,Taimur Basu,30000,3245,2025-03-07,2025-09-10
702,Navya Talwar,50000,21790,2025-04-16,2024-12-31
703,Biju Lad,30000,29885,2025-09-07,2024-10-21
704,Misha Chauhan,50000,4121,2025-09-20,2025-06-24
705,Siya Yadav,50000,44636,2025-08-23,2025-07-15
706,Eva Chaudhry,40000,10471,2025-09-02,2024-12-06
707,Purab Suresh,40000,37417,2025-09-21,2025-06-23
708,Anahita Dhingra,30000,21108,2025-08-25,2025-08-15
709,Anaya Sane,30000,13203,2025-03-02,2025-05-05
710,Pranay Biswas,40000,37111,2025-08-16,2024-12-01
711,Veer Anand,30000,14029,2025-02-08,2025-02-20
712,Trisha Balasubramanian,50000,47826,2025-01-18,2025-04-02
713,Kiaan Dhingra,30000,4044,2025-04-21,2024-11-23
714,Riya Krishna,50000,25426,2025-05-12,2025-07-21
715,Aaryahi Sharaf,40000,1332,2025-03-13,2025-04-11
716,Hrishita Chowdhury,40000,25917,2025-02-16,2025-07-22
717,Zoya Ahuja,40000,20625,2025-05-29,2025-08-18
718,Chirag Mani,50000,30811,2025-09-08,2025-05-03
719,Shayak Suresh,30000,26159,2025-02-12,2025-06-08
720,Seher Balasubramanian,30000,15718,2025-01-29,2025-06-18
721,Jivin Deo,30000,1471,2025-08-14,2025-03-18
722,Arhaan Tandon,40000,12270,2025-07-02,2025-08-11
723,Zara Iyengar,40000,36630,2025-05-31,2025-05-15
724,Vaibhav Mahajan,50000,640,2025-03-16,2025-05-09
725,Alia Chana,30000,31,2025-05-07,2025-08-20
726,Nitya Shere,50000,9634,2025-03-03,2025-08-06
727,Emir Mangal,40000,281,2025-02-14,2025-04-04
728,Priyansh Devan,50000,49208,2025-02-03,2025-05-16
729,Raghav Choudhry,50000,13700,2025-04-07,2024-10-14
730,Alisha Sunder,30000,22470,2025-07-10,2025-03-19
731,Ranbir Taneja,50000,18687,2025-08-11,2024-10-27
732,Lavanya Sarraf,50000,41751,2025-09-24,2025-04-22
733,Charvi Barman,40000,9183,2025-05-09,2025-03-06
734,Akarsh Srinivas,50000,36085,2025-07-24,2025-02-03
735,Sumer Khalsa,40000,9335,2025-01-10,2025-05-25
736,Hridaan Kamdar,50000,13335,2025-07-27,2024-11-21
737,Manikya Vig,50000,3536,2025-01-25,2025-02-07
738,Uthkarsh Butala,30000,13525,2025-05-03,2024-11-26
739,Yuvraj  Ratta,50000,10605,2025-06-02,2025-08-03
740,Taimur Tiwari,50000,14454,2025-06-30,2024-12-22
741,Elakshi Suri,30000,18202,2025-08-30,2025-04-13
742,Vihaan Suresh,30000,3315,2025-04-29,2024-12-15
743,Hiran Shankar,50000,23375,2025-02-10,2025-01-14
744,Vardaniya Manda,40000,2199,2025-05-26,2025-05-03
745,Shamik Deo,50000,978,2025-01-02,2025-07-09
746,Neelofar Suresh,40000,28330,2025-02-28,2025-06-14
747,Urvi Suri,40000,36586,2025-03-03,2025-01-25
748,Hunar Dave,40000,33851,2025-08-09,2025-04-21
749,Zara De,50000,33974,2025-04-10,2024-11-26
750,Azad Ray,40000,16096,2025-07-19,2025-06-19
751,Nitya Goel,50000,3036,2025-03-29,2024-12-21
752,Rhea Sibal,30000,14070,2025-01-23,2024-10-08
753,Mehul Venkatesh,30000,27507,2025-01-29,2025-06-29
754,Charvi Borra,30000,8842,2025-05-01,2025-07-25
755,Vardaniya Mander,40000,2334,2025-02-07,2024-12-19
756,Dishani Baria,50000,35172,2025-05-17,2025-05-24
757,Abram Gour,40000,7278,2025-05-24,2025-01-23
758,Prerak Vaidya,40000,30373,2025-06-12,2024-10-12
759,Sana Rama,40000,16692,2025-01-29,2025-04-26
760,Jayant Choudhry,40000,20815,2025-03-01,2025-08-02
761,Darshit Soman,30000,14512,2025-05-25,2024-09-29
762,Adira Tiwari,50000,8358,2025-08-24,2025-07-26
763,Anahi Jayaraman,40000,34273,2025-08-19,2025-07-19
764,Ojas Choudhury,40000,23331,2025-08-20,2025-01-10
765,Taimur Deol,50000,44352,2025-08-30,2024-11-14
766,Tanya Aurora,40000,19496,2025-09-15,2025-05-09
767,Tejas Choudhry,50000,27494,2025-02-15,2025-04-18
768,Hridaan Dugar,30000,2352,2025-01-24,2025-04-25
769,Aaina Choudhry,40000,36593,2025-03-15,2025-05-01
770,Damini Bains,50000,31967,2025-08-04,2025-05-14
771,Tanya Upadhyay,50000,20156,2025-06-19,2025-09-13
772,Madhup Vasa,50000,11767,2025-04-24,2025-01-25
773,Alisha Zacharia,50000,33588,2025-01-04,2025-01-07
774,Anya Acharya,30000,29381,2025-01-18,2024-11-26
775,Jivika Garg,30000,6453,2025-01-27,2025-09-16
776,Lakshit Johal,40000,35995,2025-04-16,2025-01-30
777,Prerak Bains,50000,6426,2025-08-25,2024-11-27
778,Mohanlal Saha,30000,19210,2025-06-29,2024-11-03
779,Aniruddh Sem,50000,7245,2025-04-01,2024-12-05
780,Kaira Banerjee,30000,25071,2025-07-25,2025-05-19
781,Amira Sawhney,30000,21549,2025-07-18,2025-06-15
782,Saksham Gola,50000,6913,2025-07-21,2025-03-14
783,Adah Lad,30000,20967,2025-06-25,2024-10-01
784,Hridaan Setty,50000,13297,2025-08-29,2025-04-15
785,Raghav Sarma,30000,20566,2025-09-23,2025-02-17
786,Faiyaz Barad,40000,25764,2025-08-25,2024-12-27
787,Hazel Sachdeva,50000,43681,2025-08-30,2025-04-21
788,Kaira Chandran,30000,19651,2025-07-07,2025-09-06
789,Jivika Edwin,30000,22752,2025-05-21,2024-12-07
790,Zain Acharya,50000,19964,2025-01-09,2025-09-06
791,Kimaya Ratti,40000,29543,2025-07-11,2025-08-02
792,Onkar Ravel,50000,8901,2025-08-25,2025-03-03
793,Hrishita Varty,50000,24999,2025-04-05,2025-01-11
794,Dishani Sankaran,50000,5326,2025-04-29,2025-01-10
795,Abram Edwin,50000,38653,2025-08-20,2024-10-30
796,Parinaaz Jayaraman,40000,29689,2025-03-10,2025-05-13
797,Alisha Baral,30000,15450,2025-04-15,2024-11-27
798,Vanya Garg,50000,13262,2025-09-18,2025-08-12
799,Saanvi Yohannan,50000,24450,2025-05-22,2025-08-09
800,Navya Suri,50000,5433,2025-01-28,2025-01-16
801,Elakshi Shah,40000,23114,2025-01-25,2024-10-20
802,Priyansh Gulati,50000,27952,2025-03-03,2025-05-19
803,Mishti Sengupta,50000,5850,2025-04-01,2025-01-01
804,Aaryahi Som,50000,18871,2025-05-08,2025-09-08
805,Divyansh Bajwa,30000,10729,2025-02-13,2024-10-19
806,Kartik Shah,30000,3206,2025-01-11,2025-04-09
807,Ishaan Shenoy,30000,2590,2025-06-22,2025-04-24
808,Dhanush Devan,30000,28890,2025-06-20,2025-06-28
809,Faiyaz Dugal,50000,30425,2025-08-07,2025-01-14
810,Saira Bahl,40000,9722,2025-05-03,2024-10-28
811,Amani Bath,50000,40174,2025-02-07,2025-03-04
812,Saksham Kuruvilla,40000,61,2025-07-27,2024-11-27
813,Mamooty Singhal,30000,13414,2025-09-24,2025-06-21
814,Dishani Wali,30000,25777,2025-08-17,2025-04-15
815,Zain Zacharia,30000,27440,2025-05-04,2024-12-14
816,Hansh Varkey,30000,22021,2025-03-13,2025-06-16
817,Alisha Shah,50000,35306,2025-03-06,2025-09-06
818,Nitya Dugar,40000,7771,2025-05-31,2024-12-03
819,Akarsh Batra,50000,49661,2025-02-28,2025-08-12
820,Rhea Manda,50000,4429,2025-06-23,2024-11-25
821,Kavya Koshy,30000,2007,2025-06-03,2025-08-23
822,Ivan Tata,50000,14162,2025-03-29,2025-06-15
823,Ela Arora,40000,26418,2025-04-03,2024-10-06
824,Ojas Varghese,50000,2537,2025-05-05,2025-02-22
825,Ojas Barman,30000,1361,2025-02-08,2025-05-06
826,Vedika Bajwa,50000,37912,2025-09-13,2025-01-03
827,Khushi Chaudhry,50000,40000,2025-01-06,2025-02-09
828,Renee Rao,40000,24019,2025-02-09,2024-11-13
829,Aarna Thaman,40000,29098,2025-02-20,2025-05-26
830,Saanvi Babu,50000,40674,2025-08-20,2025-09-03
831,Mannat Kothari,50000,26198,2025-08-08,2025-03-13
832,Indrans Deol,40000,2838,2025-07-24,2025-06-11
833,Jayan Malhotra,30000,422,2025-09-10,2025-02-12
834,Vivaan Kanda,50000,46623,2025-08-25,2024-12-27
835,Kaira Ganesan,30000,24232,2025-07-04,2025-04-03
836,Divij Choudhary,30000,9181,2025-03-31,2025-06-01
837,Hansh Saran,40000,1265,2025-06-01,2025-04-08
838,Miraan Sidhu,40000,14769,2025-08-01,2024-10-19
839,Gatik Sarna,40000,29660,2025-06-28,2025-03-09
840,Kashvi Krishnamurthy,50000,35147,2025-09-03,2025-01-30
841,Ishita Sahota,40000,15333,2025-04-02,2025-03-12
842,Saira Dar,30000,2609,2025-01-20,2025-03-26
843,Nehmat Chaudhuri,30000,22560,2025-01-19,2024-10-24
844,Kavya Sha,30000,12529,2025-02-08,2025-02-12
845,Taran Amble,30000,11148,2025-08-23,2025-08-28
846,Umang Das,50000,16561,2025-09-03,2025-01-10
847,Arnav Viswanathan,40000,14619,2025-05-01,2025-05-27
848,Zaina Dasgupta,40000,36054,2025-05-19,2025-05-20
849,Tushar Dubey,40000,34740,2025-01-20,2025-05-07
850,Vedika Maharaj,30000,12973,2025-07-25,2025-05-28
851,Aarush Sami,40000,16362,2025-08-30,2025-01-17
852,Raunak Gulati,40000,5150,2025-01-09,2025-09-02
853,Alisha Ray,50000,45036,2025-07-06,2025-03-23
854,Priyansh Kota,30000,10330,2025-02-16,2025-01-11
855,Divit Sandhu,30000,17881,2025-06-03,2025-02-04
856,Nitara Lall,40000,10780,2025-04-29,2025-08-30
857,Anya Sodhi,30000,4916,2025-03-17,2025-07-20
858,Anaya Borah,50000,14595,2025-07-24,2025-09-24
859,Jayant Wadhwa,40000,19482,2025-07-07,2025-05-12
860,Jayant Manda,50000,41961,2025-05-12,2024-10-03
861,Tushar Bahri,30000,17848,2025-03-14,2025-04-05
862,Zeeshan Mand,30000,2604,2025-02-15,2025-01-28
863,Kimaya Bhargava,50000,5142,2025-05-30,2025-06-02
864,Anahi Gupta,40000,15255,2025-04-06,2024-12-05
865,Myra Seth,40000,20307,2025-03-23,2025-05-15
866,Dharmajan Kakar,40000,23000,2025-08-02,2025-04-04
867,Chirag Wali,50000,38270,2025-08-12,2025-02-06
868,Ela Walia,40000,22529,2025-09-23,2024-11-16
869,Vardaniya Ghose,40000,38396,2025-09-27,2025-06-23
870,Adah Atwal,30000,10301,2025-04-19,2025-02-17
871,Nishith Chaudry,40000,19473,2025-01-12,2025-07-22
872,Yasmin Sabharwal,30000,26970,2025-01-17,2025-06-10
873,Lagan Sule,50000,6415,2025-08-19,2025-01-29
874,Vihaan Saha,30000,21332,2025-03-05,2025-02-11
875,Farhan Vora,50000,23105,2025-05-09,2024-10-09
876,Raunak Hayer,30000,22780,2025-08-29,2025-09-27
877,Seher Hari,30000,923,2025-05-03,2025-07-11
878,Jayesh Swamy,40000,38882,2025-06-03,2025-05-07
879,Nayantara Bhasin,40000,8582,2025-01-15,2025-09-07
880,Saanvi Dhingra,50000,25297,2025-04-15,2024-12-10
881,Divit Arya,30000,11250,2025-08-29,2024-11-20
882,Badal Badami,30000,4120,2025-09-12,2025-04-08
883,Ahana  Sachar,40000,9117,2025-02-10,2025-04-18
884,Ela Thakkar,40000,18479,2025-03-23,2025-06-08
885,Anvi Rajan,30000,19390,2025-09-11,2025-09-12
886,Vihaan Lalla,50000,9408,2025-02-10,2025-02-08
887,Miraya Kata,30000,11793,2025-08-19,2025-08-13
888,Jivika Chaudhuri,50000,49514,2025-09-27,2025-01-08
889,Devansh Kaul,50000,40278,2025-09-22,2025-08-16
890,Manjari Gara,30000,4776,2025-08-12,2024-10-21
891,Nitya Kari,40000,8743,2025-03-23,2025-09-18
892,Ritvik Varkey,40000,29305,2025-07-10,2025-01-13
893,Renee Borah,40000,8578,2025-09-12,2025-05-27
894,Sara Issac,30000,13717,2025-06-04,2025-09-02
895,Mannat Solanki,50000,47079,2025-09-18,2025-04-24
896,Sumer Swaminathan,30000,21762,2025-09-08,2025-02-01
897,Tiya Ben,40000,16988,2025-01-14,2025-08-14
898,Eva Batta,40000,16066,2025-04-02,2025-09-06
899,Piya Bal,40000,1440,2025-01-26,2025-02-24
900,Manikya Sawhney,40000,19747,2025-05-13,2024-12-18
901,Vivaan Sekhon,50000,8909,2025-03-09,2024-10-13
902,Ahana  Behl,30000,2022,2025-03-29,2025-05-20
903,Oorja Jhaveri,40000,6930,2025-06-27,2025-01-25
904,Nehmat Varghese,50000,29003,2025-06-24,2025-04-05
905,Gokul Rajagopal,50000,37961,2025-01-25,2024-11-28
906,Badal Grewal,50000,3943,2025-07-24,2025-02-21
907,Hazel Madan,50000,7557,2025-01-27,2025-03-09
908,Mishti Gala,50000,25891,2025-03-14,2024-12-11
909,Zara Grover,50000,2975,2025-03-27,2025-06-23
910,Kanav Mammen,50000,26171,2025-03-14,2025-03-26
911,Indrajit Vyas,50000,7247,2025-05-07,2025-02-27
912,Rhea Trivedi,30000,948,2025-08-18,2024-12-27
913,Mohanlal Srivastava,40000,35013,2025-03-13,2025-05-15
914,Anya Kari,30000,15415,2025-06-07,2024-10-31
915,Azad Tiwari,50000,44142,2025-07-01,2025-08-08
916,Akarsh Chakrabarti,40000,27412,2025-02-22,2024-11-29
917,Jayant Butala,50000,49791,2025-09-10,2025-02-10
918,Shray Vala,50000,25928,2025-01-27,2024-10-31
919,Eva Manne,50000,31345,2025-09-16,2025-08-18
920,Lakshit Bhattacharyya,40000,31365,2025-06-02,2024-10-26
921,Tanya Rao,50000,9659,2025-05-02,2024-12-04
922,Zaina Sheth,50000,904,2025-02-06,2025-05-05
923,Jivin Apte,50000,33220,2025-08-02,2025-03-08
924,Alia Krish,50000,18411,2025-05-05,2025-03-26
925,Tanya Sharaf,50000,43280,2025-06-19,2025-03-21
926,Lakshay Sharma,40000,28948,2025-05-14,2025-09-20
927,Dhanuk Warrior,30000,14439,2025-04-01,2025-07-01
928,Lakshay Bora,40000,4519,2025-07-28,2025-05-19
929,Mohanlal Sankar,30000,27899,2025-07-21,2025-05-13
930,Anika Varty,40000,22061,2025-01-09,2024-09-29
931,Hrishita Sahota,50000,36866,2025-03-02,2025-06-26
932,Stuvan Majumdar,40000,25644,2025-06-21,2024-10-05
933,Saksham Devan,30000,23934,2025-09-10,2025-01-14
934,Pranay Subramaniam,30000,27688,2025-07-04,2025-01-05
935,Ayesha Devi,30000,29594,2025-06-14,2025-08-18
936,Saksham Dugar,40000,13419,2025-07-06,2025-05-11
937,Dishani Gandhi,30000,21506,2025-04-15,2025-01-06
938,Biju Sachdev,40000,22861,2025-04-28,2025-08-24
939,Anya Buch,40000,5787,2025-05-12,2025-02-07
940,Hiran Jain,40000,21098,2025-09-16,2025-02-24
941,Dhanush Barad,30000,4208,2025-06-06,2025-02-15
942,Jivika Rastogi,30000,8893,2025-02-19,2025-02-16
943,Divyansh Mallick,50000,7096,2025-09-09,2025-08-01
944,Tara Shenoy,40000,12239,2025-07-04,2024-10-13
945,Kabir Buch,50000,41313,2025-04-25,2025-08-09
946,Mahika Saxena,40000,9931,2025-06-11,2025-08-17
947,Shaan Gokhale,40000,36985,2025-08-12,2025-01-29
948,Divyansh Borah,50000,44143,2025-02-16,2025-04-22
949,Mohanlal Bose,40000,2104,2025-01-19,2025-05-28
950,Aaryahi Din,50000,39374,2025-08-07,2025-08-05
951,Dhanuk Kalla,30000,25810,2025-09-02,2025-01-18
952,Adira Bera,40000,24070,2025-04-28,2025-07-30
953,Jivin Raval,30000,13665,2025-08-07,2025-02-26
954,Kabir Thakkar,50000,21988,2025-01-06,2024-10-25
955,Dhruv Choudhary,30000,11661,2025-06-23,2025-02-17
956,Nitya Ganesh,50000,22526,2025-06-19,2025-01-23
957,Reyansh Agate,30000,20216,2025-01-12,2025-04-23
958,Keya Bala,30000,9107,2025-02-15,2025-05-25
959,Shalv Bora,50000,46241,2025-04-11,2025-04-27
960,Kavya Dyal,30000,27197,2025-06-01,2025-08-11
961,Indrans Ganguly,30000,9006,2025-08-09,2024-10-14
962,Manikya Banik,50000,5987,2025-09-22,2025-01-13
963,Myra Mall,50000,3341,2025-05-12,2025-05-26
964,Nayantara Divan,50000,29574,2025-04-14,2025-09-02
965,Ishaan Mahal,40000,8129,2025-08-22,2025-07-06
966,Riaan Lanka,30000,19069,2025-07-26,2024-10-06
967,Inaaya  Lalla,50000,44312,2025-02-13,2025-05-29
968,Manikya Sane,40000,27427,2025-08-22,2025-05-05
969,Damini Jhaveri,40000,14222,2025-09-23,2025-09-25
970,Kiara Randhawa,30000,14724,2025-03-27,2025-02-26
971,Samar Dey,30000,4484,2025-08-09,2025-08-25
972,Samaira Dewan,40000,6331,2025-05-03,2025-09-12
973,Advik Batta,50000,8497,2025-07-09,2025-09-24
974,Romil Gokhale,30000,6479,2025-01-01,2025-09-21
975,Jayan Atwal,50000,45839,2025-08-11,2024-11-08
976,Tarini Hans,40000,31290,2025-06-08,2025-05-19
977,Sahil Tandon,50000,8148,2025-01-19,2025-03-15
978,Dhanuk Cheema,50000,7938,2025-07-15,2024-11-09
979,Tarini Viswanathan,40000,2640,2025-08-12,2025-01-05
980,Dharmajan Srinivas,30000,3483,2025-03-18,2025-05-02
981,Ahana  Seshadri,30000,25207,2025-08-18,2025-02-08
982,Devansh Solanki,30000,7125,2025-03-24,2025-06-05
983,Lavanya Rajagopalan,30000,9114,2025-08-06,2025-04-27
984,Abram Contractor,40000,14629,2025-06-14,2025-08-04
985,Miraan Tella,40000,38385,2025-09-12,2025-09-25
986,Kiara Sampath,40000,32863,2025-08-29,2025-07-19
987,Sahil Boase,40000,6683,2025-03-07,2025-07-21
988,Rati Gara,40000,13259,2025-01-09,2024-12-13
989,Anahita Mandal,40000,22472,2025-02-04,2025-03-26
990,Hunar Zachariah,40000,8361,2025-06-18,2024-12-03
991,Madhup Chakrabarti,40000,30882,2025-04-05,2025-04-11
992,Zeeshan Tripathi,50000,48542,2025-08-31,2024-12-24
993,Shray Gupta,50000,17627,2025-06-25,2025-07-22
994,Lagan Manda,40000,8352,2025-03-03,2025-05-26
995,Gokul Grover,40000,20288,2025-07-28,2025-02-26
996,Aarna Varma,30000,20737,2025-03-15,2024-12-02
997,Amira Dutt,30000,13373,2025-02-18,2025-05-25
998,Raunak Walia,40000,32463,2025-05-12,2025-07-01
999,Hazel Bhat,40000,10945,2025-06-25,2025-09-11
1000,Jiya Borde,40000,15605,2025-07-11,2024-11-29
